locale	local	output	queue	pause	note
en	Imported iOS songs stay available after reopening, with their own artwork.	Choose AirPlay on iPhone or Mac. Cast and DLNA support compatible media.	A dedicated Queue button and responsive video controls.	Pause from the iPhone lock screen or Control Center stays paused.	iOS is not publicly available. Physical Chromecast testing is pending.
pt-BR	As músicas importadas no iOS continuam disponíveis ao reabrir, com suas próprias capas.	Escolha AirPlay no iPhone ou Mac. Cast e DLNA aceitam mídia compatível.	Um botão dedicado à fila e controles de vídeo adaptáveis.	A pausa pela tela bloqueada ou Central de Controle do iPhone é respeitada.	O iOS ainda não está disponível ao público. Os testes com Chromecast físico estão pendentes.
es	Las canciones importadas en iOS siguen disponibles al reabrir, con sus propias portadas.	Elige AirPlay en iPhone o Mac. Cast y DLNA admiten contenido compatible.	Un botón dedicado a la cola y controles de vídeo adaptables.	La pausa desde la pantalla bloqueada o el Centro de control del iPhone se mantiene.	iOS aún no está disponible públicamente. Las pruebas con Chromecast físico están pendientes.
ru	Импортированные песни в iOS доступны после повторного открытия, со своими обложками.	Выберите AirPlay на iPhone или Mac. Cast и DLNA поддерживают совместимые медиа.	Отдельная кнопка очереди и адаптивные элементы управления видео.	Пауза с экрана блокировки или Пункта управления iPhone сохраняется.	Версия для iOS пока недоступна публично. Проверка на физическом Chromecast ещё предстоит.
tr	iOS’a aktarılan şarkılar, uygulama yeniden açıldığında kendi kapaklarıyla kullanılabilir.	iPhone veya Mac’te AirPlay’i seçin. Cast ve DLNA uyumlu medyayı destekler.	Ayrı bir sıra düğmesi ve ekrana uyum sağlayan video kontrolleri.	iPhone kilit ekranından veya Denetim Merkezi’nden duraklatma korunur.	iOS sürümü henüz herkese açık değil. Fiziksel Chromecast testi bekliyor.
fr	Les morceaux importés sur iOS restent disponibles à la réouverture, avec leurs propres pochettes.	Choisissez AirPlay sur iPhone ou Mac. Cast et DLNA prennent en charge les médias compatibles.	Un bouton dédié à la file et des commandes vidéo adaptatives.	La pause depuis l’écran verrouillé ou le Centre de contrôle de l’iPhone est respectée.	iOS n’est pas encore accessible au public. Les tests sur un Chromecast physique restent à faire.
de	Importierte iOS-Songs bleiben nach dem erneuten Öffnen mit ihren eigenen Covern verfügbar.	Wähle AirPlay auf iPhone oder Mac. Cast und DLNA unterstützen kompatible Medien.	Eine eigene Warteschlangen-Schaltfläche und anpassbare Videosteuerung.	Die Pause über den iPhone-Sperrbildschirm oder das Kontrollzentrum bleibt bestehen.	iOS ist noch nicht öffentlich verfügbar. Tests mit einem physischen Chromecast stehen noch aus.
hi	iOS में आयात किए गए गाने ऐप दोबारा खोलने पर अपनी कवर तस्वीरों के साथ उपलब्ध रहते हैं।	iPhone या Mac पर AirPlay चुनें। Cast और DLNA संगत मीडिया का समर्थन करते हैं।	कतार के लिए अलग बटन और स्क्रीन के अनुसार ढलने वाले वीडियो नियंत्रण।	iPhone की लॉक स्क्रीन या कंट्रोल सेंटर से रोका गया प्लेबैक रुका रहता है।	iOS अभी सार्वजनिक रूप से उपलब्ध नहीं है। असली Chromecast पर परीक्षण बाकी है।
it	I brani importati su iOS restano disponibili alla riapertura, con le proprie copertine.	Scegli AirPlay su iPhone o Mac. Cast e DLNA supportano contenuti compatibili.	Un pulsante dedicato alla coda e controlli video adattabili.	La pausa dalla schermata di blocco o dal Centro di Controllo dell’iPhone viene rispettata.	iOS non è ancora disponibile al pubblico. I test con un Chromecast fisico sono in sospeso.
ja	iOSに取り込んだ曲は、アプリを開き直しても独自のアートワークとともに利用できます。	iPhoneやMacでAirPlayを選べます。CastとDLNAは対応メディアを再生できます。	専用のキューボタンと、画面サイズに合わせた動画コントロール。	iPhoneのロック画面やコントロールセンターで一時停止すると、その状態が維持されます。	iOS版はまだ一般公開されていません。実機Chromecastでのテストは未実施です。
ko	iOS에서 가져온 곡은 앱을 다시 열어도 각 곡의 표지와 함께 사용할 수 있습니다.	iPhone이나 Mac에서 AirPlay를 선택하세요. Cast와 DLNA는 호환 미디어를 지원합니다.	전용 대기열 버튼과 화면 크기에 맞춰지는 동영상 컨트롤.	iPhone 잠금 화면이나 제어 센터에서 일시 정지하면 정지 상태가 유지됩니다.	iOS 버전은 아직 공개되지 않았습니다. 실제 Chromecast 기기 테스트는 예정되어 있습니다.
ar	تظل الأغاني المستوردة على iOS متاحة عند إعادة فتح التطبيق، مع صور أغلفتها الخاصة.	اختر AirPlay على iPhone أو Mac. يدعم Cast وDLNA الوسائط المتوافقة.	زر مخصص لقائمة الانتظار وعناصر تحكم بالفيديو تتكيف مع الشاشة.	يبقى التشغيل متوقفًا عند إيقافه من شاشة قفل iPhone أو مركز التحكم.	إصدار iOS غير متاح للجمهور بعد. لم تُجرَ اختبارات Chromecast على جهاز فعلي بعد.
zh	导入的iOS歌曲在重新打开应用后仍然可用，并保留各自的封面。	在iPhone或Mac上选择AirPlay。Cast和DLNA支持兼容的媒体。	独立的播放队列按钮和适应屏幕尺寸的视频控件。	从iPhone锁定屏幕或控制中心暂停后，播放会保持暂停。	iOS版本尚未公开发布。实体Chromecast设备测试仍待进行。
id	Lagu yang diimpor di iOS tetap tersedia saat aplikasi dibuka kembali, dengan sampulnya sendiri.	Pilih AirPlay di iPhone atau Mac. Cast dan DLNA mendukung media yang kompatibel.	Tombol antrean khusus dan kontrol video yang menyesuaikan layar.	Jeda dari layar kunci atau Pusat Kontrol iPhone tetap dijeda.	iOS belum tersedia untuk umum. Pengujian dengan Chromecast fisik masih menunggu.
my	iOS တွင် ထည့်သွင်းထားသော သီချင်းများကို အက်ပ်ပြန်ဖွင့်သည့်အခါ ၎င်းတို့၏ မျက်နှာဖုံးပုံများနှင့်အတူ ဆက်လက်အသုံးပြုနိုင်သည်။	iPhone သို့မဟုတ် Mac တွင် AirPlay ကို ရွေးပါ။ Cast နှင့် DLNA သည် လိုက်ဖက်သော မီဒီယာကို ပံ့ပိုးသည်။	သီးသန့် အစီအစဉ်ခလုတ်နှင့် မျက်နှာပြင်အရွယ်အစားအလိုက် ပြောင်းလဲသော ဗီဒီယိုထိန်းချုပ်မှုများ။	iPhone လော့ခ်မျက်နှာပြင် သို့မဟုတ် Control Center မှ ခေတ္တရပ်လျှင် ရပ်ထားသည့်အတိုင်း ဆက်ရှိသည်။	iOS ကို အများပြည်သူအတွက် မရရှိသေးပါ။ Chromecast စက်အစစ်ဖြင့် စမ်းသပ်ရန် ကျန်ရှိသည်။
pl	Utwory zaimportowane w iOS pozostają dostępne po ponownym otwarciu, z własnymi okładkami.	Wybierz AirPlay na iPhonie lub Macu. Cast i DLNA obsługują zgodne multimedia.	Osobny przycisk kolejki i sterowanie wideo dopasowane do ekranu.	Pauza z ekranu blokady lub Centrum sterowania iPhone’a pozostaje aktywna.	iOS nie jest jeszcze publicznie dostępny. Testy na fizycznym Chromecaście są w planach.
da	Importerede iOS-sange er stadig tilgængelige efter genåbning med deres egne omslag.	Vælg AirPlay på iPhone eller Mac. Cast og DLNA understøtter kompatible medier.	En særskilt køknap og videokontroller, der tilpasser sig skærmen.	Pause fra iPhones låseskærm eller Kontrolcenter forbliver på pause.	iOS er endnu ikke offentligt tilgængelig. Test med en fysisk Chromecast afventer.
kk	iOS жүйесіне импортталған әндер қолданбаны қайта ашқанда өз мұқабаларымен қолжетімді болады.	iPhone немесе Mac құрылғысында AirPlay таңдаңыз. Cast пен DLNA үйлесімді медианы қолдайды.	Кезекке арналған бөлек түйме және экранға бейімделетін бейне басқару элементтері.	iPhone құлыптау экранынан немесе Басқару орталығынан тоқтатылған ойнату тоқтатылған күйде қалады.	iOS нұсқасы әлі көпшілікке қолжетімді емес. Нақты Chromecast құрылғысында сынақ әлі өткізілген жоқ.
cs	Skladby importované v iOS zůstanou po opětovném otevření dostupné s vlastními obaly.	Vyberte AirPlay na iPhonu nebo Macu. Cast a DLNA podporují kompatibilní média.	Samostatné tlačítko fronty a ovládání videa přizpůsobené obrazovce.	Pozastavení z uzamčené obrazovky nebo Ovládacího centra iPhonu zůstává zachováno.	iOS zatím není veřejně dostupný. Testování na fyzickém Chromecastu je stále před námi.
hu	Az iOS-re importált dalok az alkalmazás újranyitásakor is elérhetők, saját borítójukkal.	Válaszd az AirPlayt iPhone-on vagy Macen. A Cast és a DLNA támogatja a kompatibilis médiát.	Külön várólista-gomb és a képernyőhöz igazodó videóvezérlők.	Az iPhone zárolási képernyőjéről vagy Vezérlőközpontjából indított szünet megmarad.	Az iOS-verzió még nem nyilvános. A fizikai Chromecaston végzett tesztelés még hátravan.
ka	iOS-ში იმპორტირებული სიმღერები ხელახლა გახსნის შემდეგაც ხელმისაწვდომია საკუთარი გარეკანებით.	აირჩიეთ AirPlay iPhone-ზე ან Mac-ზე. Cast და DLNA თავსებად მედიას უჭერს მხარს.	რიგის ცალკე ღილაკი და ეკრანზე მორგებული ვიდეოს მართვის ელემენტები.	iPhone-ის ჩაკეტილი ეკრანიდან ან მართვის ცენტრიდან შეჩერებული დაკვრა შეჩერებული რჩება.	iOS ვერსია ჯერ საჯაროდ არ არის ხელმისაწვდომი. ფიზიკურ Chromecast-ზე ტესტირება ჯერ არ ჩატარებულა.
sv	Importerade iOS-låtar är tillgängliga efter att appen öppnats igen, med egna omslag.	Välj AirPlay på iPhone eller Mac. Cast och DLNA stöder kompatibla medier.	En särskild köknapp och videokontroller som anpassas till skärmen.	Paus från iPhones låsskärm eller Kontrollcenter förblir pausad.	iOS är ännu inte offentligt tillgängligt. Test med en fysisk Chromecast återstår.
uz	iOS’ga import qilingan qo‘shiqlar ilova qayta ochilganda o‘z muqovalari bilan mavjud bo‘ladi.	iPhone yoki Mac’da AirPlay’ni tanlang. Cast va DLNA mos mediani qo‘llab-quvvatlaydi.	Navbat uchun alohida tugma va ekranga moslashadigan video boshqaruvlari.	iPhone qulflangan ekrani yoki Boshqaruv markazidan pauza qilinganda ijro pauzada qoladi.	iOS hali ommaga taqdim etilmagan. Haqiqiy Chromecast qurilmasida sinov hali o‘tkazilmagan.
fil	Available pa rin ang mga kantang inangkat sa iOS kapag binuksan muli ang app, kasama ang sarili nilang mga pabalat.	Piliin ang AirPlay sa iPhone o Mac. Sinusuportahan ng Cast at DLNA ang katugmang media.	Hiwalay na pindutan ng pila at mga kontrol ng video na umaangkop sa screen.	Nananatiling naka-pause ang pag-pause mula sa lock screen o Control Center ng iPhone.	Hindi pa available sa publiko ang iOS. Nakabinbin pa ang pagsubok sa pisikal na Chromecast.
lv	iOS importētās dziesmas pēc lietotnes atkārtotas atvēršanas ir pieejamas ar saviem vāka attēliem.	Izvēlieties AirPlay iPhone vai Mac ierīcē. Cast un DLNA atbalsta saderīgu multividi.	Atsevišķa rindas poga un ekrānam pielāgota video vadība.	Pauze no iPhone bloķēšanas ekrāna vai Vadības centra paliek spēkā.	iOS vēl nav publiski pieejams. Testēšana ar fizisku Chromecast vēl nav veikta.
bn	iOS-এ আমদানি করা গান অ্যাপ আবার খুললেও নিজস্ব প্রচ্ছদসহ পাওয়া যায়।	iPhone বা Mac-এ AirPlay বেছে নিন। Cast ও DLNA সামঞ্জস্যপূর্ণ মিডিয়া সমর্থন করে।	সারির জন্য আলাদা বোতাম এবং পর্দার আকার অনুযায়ী ভিডিও নিয়ন্ত্রণ।	iPhone-এর লক স্ক্রিন বা কন্ট্রোল সেন্টার থেকে বিরতি দিলে তা বজায় থাকে।	iOS এখনো সর্বসাধারণের জন্য উপলব্ধ নয়। আসল Chromecast-এ পরীক্ষা বাকি আছে।
pcm	Songs wey you import for iOS still dey when you open app again, with their own cover pictures.	Choose AirPlay for iPhone or Mac. Cast and DLNA fit play media wey dem support.	Queue get im own button, and video controls fit the screen.	If you pause from iPhone lock screen or Control Center, the song go remain paused.	iOS never dey available for everybody. We never test with physical Chromecast yet.
hr	Pjesme uvezene u iOS ostaju dostupne nakon ponovnog otvaranja, s vlastitim omotima.	Odaberite AirPlay na iPhoneu ili Macu. Cast i DLNA podržavaju kompatibilne medije.	Zaseban gumb reda i videokontrole prilagođene zaslonu.	Pauza sa zaključanog zaslona ili Kontrolnog centra iPhonea ostaje aktivna.	iOS još nije javno dostupan. Testiranje na fizičkom Chromecastu još predstoji.
ms	Lagu yang diimport pada iOS kekal tersedia apabila aplikasi dibuka semula, dengan kulit albumnya sendiri.	Pilih AirPlay pada iPhone atau Mac. Cast dan DLNA menyokong media yang serasi.	Butang baris gilir khusus dan kawalan video yang menyesuaikan skrin.	Jeda daripada skrin kunci atau Pusat Kawalan iPhone kekal dijeda.	iOS belum tersedia kepada umum. Ujian menggunakan Chromecast fizikal masih belum dijalankan.
fa	آهنگ‌های واردشده در iOS پس از بازکردن دوباره برنامه با تصویر جلد خود در دسترس می‌مانند.	در iPhone یا Mac، AirPlay را انتخاب کنید. Cast و DLNA از رسانه‌های سازگار پشتیبانی می‌کنند.	دکمه‌ای اختصاصی برای صف و کنترل‌های ویدیو متناسب با اندازه صفحه.	توقف از صفحه قفل یا مرکز کنترل iPhone حفظ می‌شود.	نسخه iOS هنوز عمومی نشده است. آزمایش با دستگاه واقعی Chromecast هنوز انجام نشده است.
et	iOS-i imporditud lood on pärast rakenduse taasavamist saadaval oma kaanepiltidega.	Vali AirPlay iPhone’is või Macis. Cast ja DLNA toetavad ühilduvat meediat.	Eraldi järjekorranupp ja ekraaniga kohanduvad video juhtnupud.	iPhone’i lukustuskuvalt või Juhtimiskeskusest pausile pandud taasesitus jääb pausile.	iOS pole veel avalikult saadaval. Füüsilise Chromecastiga testimine on veel ees.
gn	iOS-pe remoingéva purahéi oĩ gueteri rembojurujeývo tembipuru, ijapére ta'anga reheve.	Eiporavo AirPlay iPhone térã Mac-pe. Cast ha DLNA ombopu umi medio oñemoĩporãva hendive.	Peteĩ votõ tee tysýipe g̃uarã ha ta'ãngamýi ñangareko oñemohendáva pantalla rehe.	Remombytu'úramo iPhone pantalla ñemboty térã Control Center-gui, opyta pytu'úpe.	iOS ndojeporukái gueteri opavavépe. Ne'ĩra oñeha'ã Chromecast tembipuru añeteguáre.
vi	Bài hát nhập vào iOS vẫn có sẵn khi mở lại ứng dụng, với ảnh bìa riêng.	Chọn AirPlay trên iPhone hoặc Mac. Cast và DLNA hỗ trợ nội dung tương thích.	Nút hàng đợi riêng và các nút điều khiển video thích ứng với màn hình.	Tạm dừng từ màn hình khóa hoặc Trung tâm điều khiển iPhone được giữ nguyên.	iOS chưa được phát hành công khai. Việc thử nghiệm với Chromecast thật vẫn đang chờ.
th	เพลงที่นำเข้าใน iOS ยังคงพร้อมใช้งานเมื่อเปิดแอปใหม่ พร้อมภาพปกของแต่ละเพลง	เลือก AirPlay บน iPhone หรือ Mac โดย Cast และ DLNA รองรับสื่อที่เข้ากันได้	ปุ่มคิวโดยเฉพาะและตัวควบคุมวิดีโอที่ปรับตามขนาดหน้าจอ	เมื่อหยุดพักจากหน้าจอล็อกหรือศูนย์ควบคุมของ iPhone การเล่นจะยังคงหยุดพัก	เวอร์ชัน iOS ยังไม่เปิดให้ใช้งานทั่วไป การทดสอบกับ Chromecast จริงยังไม่ได้ดำเนินการ
ur	iOS میں درآمد کیے گئے گانے ایپ دوبارہ کھولنے پر اپنے سرورق کے ساتھ دستیاب رہتے ہیں۔	iPhone یا Mac پر AirPlay منتخب کریں۔ Cast اور DLNA موافق میڈیا کی حمایت کرتے ہیں۔	قطار کے لیے الگ بٹن اور اسکرین کے مطابق ویڈیو کنٹرول۔	iPhone کی لاک اسکرین یا کنٹرول سینٹر سے روکنے پر پلے بیک رکا رہتا ہے۔	iOS ابھی عوام کے لیے دستیاب نہیں ہے۔ حقیقی Chromecast پر جانچ ابھی باقی ہے۔
uk	Імпортовані пісні в iOS залишаються доступними після повторного відкриття, із власними обкладинками.	Виберіть AirPlay на iPhone або Mac. Cast і DLNA підтримують сумісні медіа.	Окрема кнопка черги та елементи керування відео, що пристосовуються до екрана.	Пауза з екрана блокування чи Центру керування iPhone зберігається.	Версія для iOS поки не загальнодоступна. Тестування на фізичному Chromecast ще попереду.
nl	Geïmporteerde iOS-nummers blijven na het opnieuw openen beschikbaar, met hun eigen hoezen.	Kies AirPlay op iPhone of Mac. Cast en DLNA ondersteunen compatibele media.	Een eigen wachtrijknop en videobediening die zich aan het scherm aanpast.	Pauze vanaf het iPhone-vergrendelscherm of Bedieningspaneel blijft behouden.	iOS is nog niet openbaar beschikbaar. Tests met een fysieke Chromecast moeten nog plaatsvinden.
ro	Melodiile importate în iOS rămân disponibile la redeschidere, cu propriile coperți.	Alege AirPlay pe iPhone sau Mac. Cast și DLNA acceptă conținut compatibil.	Un buton dedicat cozii și comenzi video adaptate ecranului.	Pauza de pe ecranul blocat sau din Centrul de control al iPhone-ului se păstrează.	iOS nu este încă disponibil public. Testele cu un Chromecast fizic sunt în așteptare.
